Product Name,Price,Rating,Description,Features
Ultimate Wireless Bluetooth Earbuds,79.99,4.4,"Elevate your music experience with our Ultimate Wireless Bluetooth Earbuds. These earbuds are designed for audiophiles who demand premium sound quality and convenience. With advanced Bluetooth 5.0 technology, you'll enjoy seamless connectivity and crystal-clear audio.",- High-fidelity sound with deep bass and clear treble. - Noise-canceling technology for an immersive listening experience. - 20 hours of playtime on a single charge. - Ergonomic design for a secure and comfortable fit. - Touch controls for easy playback and calls. - IPX7 waterproof rating for workouts and outdoor activities. - Built-in microphone for hands-free calls.
SmartHome Security Camera System,199.99,4.6,"Keep your home safe and secure with our SmartHome Security Camera System. This comprehensive package includes everything you need to monitor your property, inside and out. Whether you're at home or on the go, you can access live video feeds and receive instant alerts on your smartphone.",- 1080p HD cameras for crystal-clear video quality. - Night vision technology for 24/7 surveillance. - Motion detection with customizable alert zones. - Two-way audio for communication with visitors. - Smartphone app for remote monitoring and control. - Expandable system with additional cameras and storage options. - Cloud storage and local backup for video footage. - Easy DIY installation with mounting hardware included.
Professional Espresso Machine,549.99,4.5,Brew barista-quality coffee at home with our Professional Espresso Machine. This machine features a 15-bar pump for rich extraction and a steam wand for frothing milk to perfection.,- 15-bar pump for optimal espresso extraction.<br> - Steam wand for milk frothing.<br> - Durable stainless steel construction.<br> - Single and double shot filter baskets included.<br> - Cup warmer on top of the machine.<br> - Removable water reservoir for easy cleaning.
Portable Solar Charger,79.99,4,Stay charged on the go with our Portable Solar Charger. Harness the power of the sun to keep your devices powered wherever you are.,- High-efficiency solar panels for rapid charging.<br> - Built-in USB ports compatible with various devices.<br> - Compact and foldable design for easy carrying.<br> - Built-in battery for storing solar energy.<br> - LED indicators show charging status.<br> - Water-resistant for outdoor use.
Luxury Leather Wallet,129.99,3,"Elevate your style with our Luxury Leather Wallet. Handcrafted from premium leather, it offers ample space for cards, cash, and more.",- Handcrafted from genuine leather.<br> - Multiple card slots and compartments.<br> - RFID blocking technology for enhanced security.<br> - Sleek and slim design for easy carrying.<br> - Available in various colors.
Fitness Tracker Smartwatch,149.99,4.5,"Achieve your fitness goals with our Fitness Tracker Smartwatch. Monitor your activity, heart rate, and receive notifications on your wrist.",- Heart rate monitor and activity tracking.<br> - Built-in GPS for accurate workout tracking.<br> - Sleep analysis and guided breathing exercises.<br> - Receive notifications from your smartphone.<br> - Water-resistant for workouts and everyday use.<br> - Long battery life.
Culinary Knife Set,199.99,3.6,Unleash your inner chef with our Culinary Knife Set. This set includes a range of high-quality knives for precise and effortless slicing and dicing.,"- High-carbon stainless steel blades for sharpness and durability.<br> - Full tang construction for balance and control.<br> - Ergonomic handles for comfortable grip.<br> - Knife block for safe storage.<br> - Set includes chef's knife, paring knife, utility knife, and more."
Wireless Charging Pad,29.99,4.4,Say goodbye to tangled cables with our Wireless Charging Pad. Simply place your device on the pad for convenient and fast wireless charging.,- Qi wireless charging compatible with a range of devices.<br> - LED indicator shows charging status.<br> - Sleek and compact design.<br> - Non-slip surface for secure placement.<br> - Includes charging cable and adapter.
Organic Bamboo Bed Sheets,89.99,3.6,Experience ultimate comfort with our Organic Bamboo Bed Sheets. These luxuriously soft sheets are made from sustainable and breathable bamboo fibers.,"- Made from 100% organic bamboo viscose.<br> - Hypoallergenic and moisture-wicking properties.<br> - Deep pockets fit mattresses of various depths.<br> - Available in multiple sizes and colors.<br> - Includes a fitted sheet, flat sheet, and pillowcases."
Virtual Reality Headset,249.99,4.2,"Immerse yourself in virtual worlds with our Virtual Reality Headset. Experience gaming, entertainment, and exploration like never before.",- High-resolution display for immersive visuals.<br> - Wide field of view for a realistic experience.<br> - Adjustable head strap and comfortable padding.<br> - Compatible with a range of VR content.<br> - Integrated audio for spatial sound.<br> - Included motion controllers for interactive experiences.
Organic Herbal Tea Collection,19.99,4.5,"Savor the soothing flavors of our Organic Herbal Tea Collection. Crafted from handpicked herbs, these teas offer relaxation and natural goodness.","- Variety pack includes chamomile, peppermint, lavender, and more.<br> - Caffeine-free options for anytime enjoyment.<br> - Individually wrapped tea bags for freshness.<br> - Calming and aromatic blends.<br> - Promotes relaxation and wellness."
Home Gym Resistance Bands Set,49.99,4.3,Get a full-body workout at home with our Home Gym Resistance Bands Set. These versatile bands provide adjustable resistance for various exercises.,"- Set includes multiple bands with different resistance levels.<br> - Suitable for strength training, stretching, and mobility exercises.<br> - Compact and portable for on-the-go workouts.<br> - Durable latex construction.<br> - Door anchor and handles included for enhanced exercise options."

